{
    "loss": 0.17959868907928467,
    "accuracy": 0.9482758641242981
}